DATAFLOW,LAST UPDATE,freq,unit,indic_il,deg_urb,sex,age,geo,TIME_PERIOD,OBS_VALUE,OBS_FLAG,CONF_STATUS
ESTAT:ILC_DI17$DEFAULTVIEW(1.0),04/10/24 23:00:00,Annual,Euro,Mean equivalised net income,Cities,Total,Total,Albania,2016,,,
ESTAT:ILC_DI17$DEFAULTVIEW(1.0),04/10/24 23:00:00,Annual,Euro,Mean equivalised net income,Cities,Total,Total,Albania,2017,2646,,
ESTAT:ILC_DI17$DEFAULTVIEW(1.0),04/10/24 23:00:00,Annual,Euro,Mean equivalised net income,Cities,Total,Total,Albania,2018,2895,,
ESTAT:ILC_DI17$DEFAULTVIEW(1.0),04/10/24 23:00:00,Annual,Euro,Mean equivalised net income,Cities,Total,Total,Albania,2019,3195,,
ESTAT:ILC_DI17$DEFAULTVIEW(1.0),04/10/24 23:00:00,Annual,Euro,Mean equivalised net income,Cities,Total,Total,Albania,2020,3579,,
ESTAT:ILC_DI17$DEFAULTVIEW(1.0),04/10/24 23:00:00,Annual,Euro,Mean equivalised net income,Cities,Total,Total,Albania,2021,3591,,
ESTAT:ILC_DI17$DEFAULTVIEW(1.0),04/10/24 23:00:00,Annual,Euro,Mean equivalised net income,Cities,Total,Total,Albania,2022,4221,,
ESTAT:ILC_DI17$DEFAULTVIEW(1.0),04/10/24 23:00:00,Annual,Euro,Mean equivalised net income,Cities,Total,Total,Albania,2023,,,
ESTAT:ILC_DI17$DEFAULTVIEW(1.0),04/10/24 23:00:00,Annual,Euro,Mean equivalised net income,Cities,Total,Total,Albania,2024,,,
ESTAT:ILC_DI17$DEFAULTVIEW(1.0),04/10/24 23:00:00,Annual,Euro,Mean equivalised net income,Cities,Total,Total,Albania,2025,,,
ESTAT:ILC_DI17$DEFAULTVIEW(1.0),04/10/24 23:00:00,Annual,Euro,Mean equivalised net income,Cities,Total,Total,Austria,2016,26359,,
ESTAT:ILC_DI17$DEFAULTVIEW(1.0),04/10/24 23:00:00,Annual,Euro,Mean equivalised net income,Cities,Total,Total,Austria,2017,27949,,
ESTAT:ILC_DI17$DEFAULTVIEW(1.0),04/10/24 23:00:00,Annual,Euro,Mean equivalised net income,Cities,Total,Total,Austria,2018,27714,,
ESTAT:ILC_DI17$DEFAULTVIEW(1.0),04/10/24 23:00:00,Annual,Euro,Mean equivalised net income,Cities,Total,Total,Austria,2019,28094,,
ESTAT:ILC_DI17$DEFAULTVIEW(1.0),04/10/24 23:00:00,Annual,Euro,Mean equivalised net income,Cities,Total,Total,Austria,2020,28807,,
ESTAT:ILC_DI17$DEFAULTVIEW(1.0),04/10/24 23:00:00,Annual,Euro,Mean equivalised net income,Cities,Total,Total,Austria,2021,29100,,
ESTAT:ILC_DI17$DEFAULTVIEW(1.0),04/10/24 23:00:00,Annual,Euro,Mean equivalised net income,Cities,Total,Total,Austria,2022,29447,,
ESTAT:ILC_DI17$DEFAULTVIEW(1.0),04/10/24 23:00:00,Annual,Euro,Mean equivalised net income,Cities,Total,Total,Austria,2023,34130,,
ESTAT:ILC_DI17$DEFAULTVIEW(1.0),04/10/24 23:00:00,Annual,Euro,Mean equivalised net income,Cities,Total,Total,Austria,2024,36705,,
ESTAT:ILC_DI17$DEFAULTVIEW(1.0),04/10/24 23:00:00,Annual,Euro,Mean equivalised net income,Cities,Total,Total,Austria,2025,,,
ESTAT:ILC_DI17$DEFAULTVIEW(1.0),04/10/24 23:00:00,Annual,Euro,Mean equivalised net income,Cities,Total,Total,Belgium,2016,23119,,
ESTAT:ILC_DI17$DEFAULTVIEW(1.0),04/10/24 23:00:00,Annual,Euro,Mean equivalised net income,Cities,Total,Total,Belgium,2017,22680,,
ESTAT:ILC_DI17$DEFAULTVIEW(1.0),04/10/24 23:00:00,Annual,Euro,Mean equivalised net income,Cities,Total,Total,Belgium,2018,23496,,
ESTAT:ILC_DI17$DEFAULTVIEW(1.0),04/10/24 23:00:00,Annual,Euro,Mean equivalised net income,Cities,Total,Total,Belgium,2019,24185,b,
ESTAT:ILC_DI17$DEFAULTVIEW(1.0),04/10/24 23:00:00,Annual,Euro,Mean equivalised net income,Cities,Total,Total,Belgium,2020,26220,,
ESTAT:ILC_DI17$DEFAULTVIEW(1.0),04/10/24 23:00:00,Annual,Euro,Mean equivalised net income,Cities,Total,Total,Belgium,2021,25593,,
ESTAT:ILC_DI17$DEFAULTVIEW(1.0),04/10/24 23:00:00,Annual,Euro,Mean equivalised net income,Cities,Total,Total,Belgium,2022,27635,,
ESTAT:ILC_DI17$DEFAULTVIEW(1.0),04/10/24 23:00:00,Annual,Euro,Mean equivalised net income,Cities,Total,Total,Belgium,2023,29260,,
ESTAT:ILC_DI17$DEFAULTVIEW(1.0),04/10/24 23:00:00,Annual,Euro,Mean equivalised net income,Cities,Total,Total,Belgium,2024,30849,,
ESTAT:ILC_DI17$DEFAULTVIEW(1.0),04/10/24 23:00:00,Annual,Euro,Mean equivalised net income,Cities,Total,Total,Belgium,2025,,,
ESTAT:ILC_DI17$DEFAULTVIEW(1.0),04/10/24 23:00:00,Annual,Euro,Mean equivalised net income,Cities,Total,Total,Bulgaria,2016,4813,b,
ESTAT:ILC_DI17$DEFAULTVIEW(1.0),04/10/24 23:00:00,Annual,Euro,Mean equivalised net income,Cities,Total,Total,Bulgaria,2017,5821,,
ESTAT:ILC_DI17$DEFAULTVIEW(1.0),04/10/24 23:00:00,Annual,Euro,Mean equivalised net income,Cities,Total,Total,Bulgaria,2018,5855,,
ESTAT:ILC_DI17$DEFAULTVIEW(1.0),04/10/24 23:00:00,Annual,Euro,Mean equivalised net income,Cities,Total,Total,Bulgaria,2019,7051,,
ESTAT:ILC_DI17$DEFAULTVIEW(1.0),04/10/24 23:00:00,Annual,Euro,Mean equivalised net income,Cities,Total,Total,Bulgaria,2020,7523,,
ESTAT:ILC_DI17$DEFAULTVIEW(1.0),04/10/24 23:00:00,Annual,Euro,Mean equivalised net income,Cities,Total,Total,Bulgaria,2021,8320,,
ESTAT:ILC_DI17$DEFAULTVIEW(1.0),04/10/24 23:00:00,Annual,Euro,Mean equivalised net income,Cities,Total,Total,Bulgaria,2022,8470,,
ESTAT:ILC_DI17$DEFAULTVIEW(1.0),04/10/24 23:00:00,Annual,Euro,Mean equivalised net income,Cities,Total,Total,Bulgaria,2023,10048,,
ESTAT:ILC_DI17$DEFAULTVIEW(1.0),04/10/24 23:00:00,Annual,Euro,Mean equivalised net income,Cities,Total,Total,Bulgaria,2024,12271,,
ESTAT:ILC_DI17$DEFAULTVIEW(1.0),04/10/24 23:00:00,Annual,Euro,Mean equivalised net income,Cities,Total,Total,Bulgaria,2025,,,
ESTAT:ILC_DI17$DEFAULTVIEW(1.0),04/10/24 23:00:00,Annual,Euro,Mean equivalised net income,Cities,Total,Total,Switzerland,2016,51269,,
ESTAT:ILC_DI17$DEFAULTVIEW(1.0),04/10/24 23:00:00,Annual,Euro,Mean equivalised net income,Cities,Total,Total,Switzerland,2017,51066,,
ESTAT:ILC_DI17$DEFAULTVIEW(1.0),04/10/24 23:00:00,Annual,Euro,Mean equivalised net income,Cities,Total,Total,Switzerland,2018,51672,,
ESTAT:ILC_DI17$DEFAULTVIEW(1.0),04/10/24 23:00:00,Annual,Euro,Mean equivalised net income,Cities,Total,Total,Switzerland,2019,50931,,
ESTAT:ILC_DI17$DEFAULTVIEW(1.0),04/10/24 23:00:00,Annual,Euro,Mean equivalised net income,Cities,Total,Total,Switzerland,2020,55891,,
ESTAT:ILC_DI17$DEFAULTVIEW(1.0),04/10/24 23:00:00,Annual,Euro,Mean equivalised net income,Cities,Total,Total,Switzerland,2021,56659,,
ESTAT:ILC_DI17$DEFAULTVIEW(1.0),04/10/24 23:00:00,Annual,Euro,Mean equivalised net income,Cities,Total,Total,Switzerland,2022,57023,,
ESTAT:ILC_DI17$DEFAULTVIEW(1.0),04/10/24 23:00:00,Annual,Euro,Mean equivalised net income,Cities,Total,Total,Switzerland,2023,59520,,
ESTAT:ILC_DI17$DEFAULTVIEW(1.0),04/10/24 23:00:00,Annual,Euro,Mean equivalised net income,Cities,Total,Total,Switzerland,2024,62306,,
ESTAT:ILC_DI17$DEFAULTVIEW(1.0),04/10/24 23:00:00,Annual,Euro,Mean equivalised net income,Cities,Total,Total,Switzerland,2025,,,
ESTAT:ILC_DI17$DEFAULTVIEW(1.0),04/10/24 23:00:00,Annual,Euro,Mean equivalised net income,Cities,Total,Total,Cyprus,2016,19192,,
ESTAT:ILC_DI17$DEFAULTVIEW(1.0),04/10/24 23:00:00,Annual,Euro,Mean equivalised net income,Cities,Total,Total,Cyprus,2017,19383,,
ESTAT:ILC_DI17$DEFAULTVIEW(1.0),04/10/24 23:00:00,Annual,Euro,Mean equivalised net income,Cities,Total,Total,Cyprus,2018,19506,,
ESTAT:ILC_DI17$DEFAULTVIEW(1.0),04/10/24 23:00:00,Annual,Euro,Mean equivalised net income,Cities,Total,Total,Cyprus,2019,22219,,
ESTAT:ILC_DI17$DEFAULTVIEW(1.0),04/10/24 23:00:00,Annual,Euro,Mean equivalised net income,Cities,Total,Total,Cyprus,2020,21376,,
ESTAT:ILC_DI17$DEFAULTVIEW(1.0),04/10/24 23:00:00,Annual,Euro,Mean equivalised net income,Cities,Total,Total,Cyprus,2021,21722,,
ESTAT:ILC_DI17$DEFAULTVIEW(1.0),04/10/24 23:00:00,Annual,Euro,Mean equivalised net income,Cities,Total,Total,Cyprus,2022,22514,,
ESTAT:ILC_DI17$DEFAULTVIEW(1.0),04/10/24 23:00:00,Annual,Euro,Mean equivalised net income,Cities,Total,Total,Cyprus,2023,23907,,
ESTAT:ILC_DI17$DEFAULTVIEW(1.0),04/10/24 23:00:00,Annual,Euro,Mean equivalised net income,Cities,Total,Total,Cyprus,2024,25613,,
ESTAT:ILC_DI17$DEFAULTVIEW(1.0),04/10/24 23:00:00,Annual,Euro,Mean equivalised net income,Cities,Total,Total,Cyprus,2025,,,
ESTAT:ILC_DI17$DEFAULTVIEW(1.0),04/10/24 23:00:00,Annual,Euro,Mean equivalised net income,Cities,Total,Total,Czechia,2016,9558,,
ESTAT:ILC_DI17$DEFAULTVIEW(1.0),04/10/24 23:00:00,Annual,Euro,Mean equivalised net income,Cities,Total,Total,Czechia,2017,9923,,
ESTAT:ILC_DI17$DEFAULTVIEW(1.0),04/10/24 23:00:00,Annual,Euro,Mean equivalised net income,Cities,Total,Total,Czechia,2018,10824,,
ESTAT:ILC_DI17$DEFAULTVIEW(1.0),04/10/24 23:00:00,Annual,Euro,Mean equivalised net income,Cities,Total,Total,Czechia,2019,11996,,
ESTAT:ILC_DI17$DEFAULTVIEW(1.0),04/10/24 23:00:00,Annual,Euro,Mean equivalised net income,Cities,Total,Total,Czechia,2020,13044,,
ESTAT:ILC_DI17$DEFAULTVIEW(1.0),04/10/24 23:00:00,Annual,Euro,Mean equivalised net income,Cities,Total,Total,Czechia,2021,13295,,
ESTAT:ILC_DI17$DEFAULTVIEW(1.0),04/10/24 23:00:00,Annual,Euro,Mean equivalised net income,Cities,Total,Total,Czechia,2022,14962,,
ESTAT:ILC_DI17$DEFAULTVIEW(1.0),04/10/24 23:00:00,Annual,Euro,Mean equivalised net income,Cities,Total,Total,Czechia,2023,16665,,
ESTAT:ILC_DI17$DEFAULTVIEW(1.0),04/10/24 23:00:00,Annual,Euro,Mean equivalised net income,Cities,Total,Total,Czechia,2024,18075,,
ESTAT:ILC_DI17$DEFAULTVIEW(1.0),04/10/24 23:00:00,Annual,Euro,Mean equivalised net income,Cities,Total,Total,Czechia,2025,,,
ESTAT:ILC_DI17$DEFAULTVIEW(1.0),04/10/24 23:00:00,Annual,Euro,Mean equivalised net income,Cities,Total,Total,Germany,2016,23848,,
ESTAT:ILC_DI17$DEFAULTVIEW(1.0),04/10/24 23:00:00,Annual,Euro,Mean equivalised net income,Cities,Total,Total,Germany,2017,24559,,
ESTAT:ILC_DI17$DEFAULTVIEW(1.0),04/10/24 23:00:00,Annual,Euro,Mean equivalised net income,Cities,Total,Total,Germany,2018,24728,,
ESTAT:ILC_DI17$DEFAULTVIEW(1.0),04/10/24 23:00:00,Annual,Euro,Mean equivalised net income,Cities,Total,Total,Germany,2019,26128,,
ESTAT:ILC_DI17$DEFAULTVIEW(1.0),04/10/24 23:00:00,Annual,Euro,Mean equivalised net income,Cities,Total,Total,Germany,2020,29842,b,
ESTAT:ILC_DI17$DEFAULTVIEW(1.0),04/10/24 23:00:00,Annual,Euro,Mean equivalised net income,Cities,Total,Total,Germany,2021,29691,,
ESTAT:ILC_DI17$DEFAULTVIEW(1.0),04/10/24 23:00:00,Annual,Euro,Mean equivalised net income,Cities,Total,Total,Germany,2022,29197,,
ESTAT:ILC_DI17$DEFAULTVIEW(1.0),04/10/24 23:00:00,Annual,Euro,Mean equivalised net income,Cities,Total,Total,Germany,2023,31091,,
ESTAT:ILC_DI17$DEFAULTVIEW(1.0),04/10/24 23:00:00,Annual,Euro,Mean equivalised net income,Cities,Total,Total,Germany,2024,32247,,
ESTAT:ILC_DI17$DEFAULTVIEW(1.0),04/10/24 23:00:00,Annual,Euro,Mean equivalised net income,Cities,Total,Total,Germany,2025,,,
ESTAT:ILC_DI17$DEFAULTVIEW(1.0),04/10/24 23:00:00,Annual,Euro,Mean equivalised net income,Cities,Total,Total,Denmark,2016,32153,,
ESTAT:ILC_DI17$DEFAULTVIEW(1.0),04/10/24 23:00:00,Annual,Euro,Mean equivalised net income,Cities,Total,Total,Denmark,2017,33124,,
ESTAT:ILC_DI17$DEFAULTVIEW(1.0),04/10/24 23:00:00,Annual,Euro,Mean equivalised net income,Cities,Total,Total,Denmark,2018,34421,,
ESTAT:ILC_DI17$DEFAULTVIEW(1.0),04/10/24 23:00:00,Annual,Euro,Mean equivalised net income,Cities,Total,Total,Denmark,2019,33932,,
ESTAT:ILC_DI17$DEFAULTVIEW(1.0),04/10/24 23:00:00,Annual,Euro,Mean equivalised net income,Cities,Total,Total,Denmark,2020,34138,b,
ESTAT:ILC_DI17$DEFAULTVIEW(1.0),04/10/24 23:00:00,Annual,Euro,Mean equivalised net income,Cities,Total,Total,Denmark,2021,36100,,
ESTAT:ILC_DI17$DEFAULTVIEW(1.0),04/10/24 23:00:00,Annual,Euro,Mean equivalised net income,Cities,Total,Total,Denmark,2022,38697,,
ESTAT:ILC_DI17$DEFAULTVIEW(1.0),04/10/24 23:00:00,Annual,Euro,Mean equivalised net income,Cities,Total,Total,Denmark,2023,37853,,
ESTAT:ILC_DI17$DEFAULTVIEW(1.0),04/10/24 23:00:00,Annual,Euro,Mean equivalised net income,Cities,Total,Total,Denmark,2024,40306,,
ESTAT:ILC_DI17$DEFAULTVIEW(1.0),04/10/24 23:00:00,Annual,Euro,Mean equivalised net income,Cities,Total,Total,Denmark,2025,,,
ESTAT:ILC_DI17$DEFAULTVIEW(1.0),04/10/24 23:00:00,Annual,Euro,Mean equivalised net income,Cities,Total,Total,"Euro area (EA11-1999, EA12-2001, EA13-2007, EA15-2008, EA16-2009, EA17-2011, EA18-2014, EA19-2015, EA20-2023, EA21-2026)",2016,21710,e,
ESTAT:ILC_DI17$DEFAULTVIEW(1.0),04/10/24 23:00:00,Annual,Euro,Mean equivalised net income,Cities,Total,Total,"Euro area (EA11-1999, EA12-2001, EA13-2007, EA15-2008, EA16-2009, EA17-2011, EA18-2014, EA19-2015, EA20-2023, EA21-2026)",2017,22142,e,
ESTAT:ILC_DI17$DEFAULTVIEW(1.0),04/10/24 23:00:00,Annual,Euro,Mean equivalised net income,Cities,Total,Total,"Euro area (EA11-1999, EA12-2001, EA13-2007, EA15-2008, EA16-2009, EA17-2011, EA18-2014, EA19-2015, EA20-2023, EA21-2026)",2018,22489,e,
ESTAT:ILC_DI17$DEFAULTVIEW(1.0),04/10/24 23:00:00,Annual,Euro,Mean equivalised net income,Cities,Total,Total,"Euro area (EA11-1999, EA12-2001, EA13-2007, EA15-2008, EA16-2009, EA17-2011, EA18-2014, EA19-2015, EA20-2023, EA21-2026)",2019,22890,,
ESTAT:ILC_DI17$DEFAULTVIEW(1.0),04/10/24 23:00:00,Annual,Euro,Mean equivalised net income,Cities,Total,Total,"Euro area (EA11-1999, EA12-2001, EA13-2007, EA15-2008, EA16-2009, EA17-2011, EA18-2014, EA19-2015, EA20-2023, EA21-2026)",2020,24326,b,
ESTAT:ILC_DI17$DEFAULTVIEW(1.0),04/10/24 23:00:00,Annual,Euro,Mean equivalised net income,Cities,Total,Total,"Euro area (EA11-1999, EA12-2001, EA13-2007, EA15-2008, EA16-2009, EA17-2011, EA18-2014, EA19-2015, EA20-2023, EA21-2026)",2021,24488,,
ESTAT:ILC_DI17$DEFAULTVIEW(1.0),04/10/24 23:00:00,Annual,Euro,Mean equivalised net income,Cities,Total,Total,"Euro area (EA11-1999, EA12-2001, EA13-2007, EA15-2008, EA16-2009, EA17-2011, EA18-2014, EA19-2015, EA20-2023, EA21-2026)",2022,,,
ESTAT:ILC_DI17$DEFAULTVIEW(1.0),04/10/24 23:00:00,Annual,Euro,Mean equivalised net income,Cities,Total,Total,"Euro area (EA11-1999, EA12-2001, EA13-2007, EA15-2008, EA16-2009, EA17-2011, EA18-2014, EA19-2015, EA20-2023, EA21-2026)",2023,,,
ESTAT:ILC_DI17$DEFAULTVIEW(1.0),04/10/24 23:00:00,Annual,Euro,Mean equivalised net income,Cities,Total,Total,"Euro area (EA11-1999, EA12-2001, EA13-2007, EA15-2008, EA16-2009, EA17-2011, EA18-2014, EA19-2015, EA20-2023, EA21-2026)",2024,,,
ESTAT:ILC_DI17$DEFAULTVIEW(1.0),04/10/24 23:00:00,Annual,Euro,Mean equivalised net income,Cities,Total,Total,"Euro area (EA11-1999, EA12-2001, EA13-2007, EA15-2008, EA16-2009, EA17-2011, EA18-2014, EA19-2015, EA20-2023, EA21-2026)",2025,,,
ESTAT:ILC_DI17$DEFAULTVIEW(1.0),04/10/24 23:00:00,Annual,Euro,Mean equivalised net income,Cities,Total,Total,Euro area - 18 countries (2014),2016,21834,,
ESTAT:ILC_DI17$DEFAULTVIEW(1.0),04/10/24 23:00:00,Annual,Euro,Mean equivalised net income,Cities,Total,Total,Euro area - 18 countries (2014),2017,22258,,
ESTAT:ILC_DI17$DEFAULTVIEW(1.0),04/10/24 23:00:00,Annual,Euro,Mean equivalised net income,Cities,Total,Total,Euro area - 18 countries (2014),2018,22600,,
ESTAT:ILC_DI17$DEFAULTVIEW(1.0),04/10/24 23:00:00,Annual,Euro,Mean equivalised net income,Cities,Total,Total,Euro area - 18 countries (2014),2019,23003,,
ESTAT:ILC_DI17$DEFAULTVIEW(1.0),04/10/24 23:00:00,Annual,Euro,Mean equivalised net income,Cities,Total,Total,Euro area - 18 countries (2014),2020,24431,b,
ESTAT:ILC_DI17$DEFAULTVIEW(1.0),04/10/24 23:00:00,Annual,Euro,Mean equivalised net income,Cities,Total,Total,Euro area - 18 countries (2014),2021,,,
ESTAT:ILC_DI17$DEFAULTVIEW(1.0),04/10/24 23:00:00,Annual,Euro,Mean equivalised net income,Cities,Total,Total,Euro area - 18 countries (2014),2022,,,
ESTAT:ILC_DI17$DEFAULTVIEW(1.0),04/10/24 23:00:00,Annual,Euro,Mean equivalised net income,Cities,Total,Total,Euro area - 18 countries (2014),2023,,,
ESTAT:ILC_DI17$DEFAULTVIEW(1.0),04/10/24 23:00:00,Annual,Euro,Mean equivalised net income,Cities,Total,Total,Euro area - 18 countries (2014),2024,,,
ESTAT:ILC_DI17$DEFAULTVIEW(1.0),04/10/24 23:00:00,Annual,Euro,Mean equivalised net income,Cities,Total,Total,Euro area - 18 countries (2014),2025,,,
ESTAT:ILC_DI17$DEFAULTVIEW(1.0),04/10/24 23:00:00,Annual,Euro,Mean equivalised net income,Cities,Total,Total,Euro area - 19 countries  (2015-2022),2016,21710,,
ESTAT:ILC_DI17$DEFAULTVIEW(1.0),04/10/24 23:00:00,Annual,Euro,Mean equivalised net income,Cities,Total,Total,Euro area - 19 countries  (2015-2022),2017,22142,,
ESTAT:ILC_DI17$DEFAULTVIEW(1.0),04/10/24 23:00:00,Annual,Euro,Mean equivalised net income,Cities,Total,Total,Euro area - 19 countries  (2015-2022),2018,22489,,
ESTAT:ILC_DI17$DEFAULTVIEW(1.0),04/10/24 23:00:00,Annual,Euro,Mean equivalised net income,Cities,Total,Total,Euro area - 19 countries  (2015-2022),2019,22890,,
ESTAT:ILC_DI17$DEFAULTVIEW(1.0),04/10/24 23:00:00,Annual,Euro,Mean equivalised net income,Cities,Total,Total,Euro area - 19 countries  (2015-2022),2020,24326,b,
ESTAT:ILC_DI17$DEFAULTVIEW(1.0),04/10/24 23:00:00,Annual,Euro,Mean equivalised net income,Cities,Total,Total,Euro area - 19 countries  (2015-2022),2021,24488,,
ESTAT:ILC_DI17$DEFAULTVIEW(1.0),04/10/24 23:00:00,Annual,Euro,Mean equivalised net income,Cities,Total,Total,Euro area - 19 countries  (2015-2022),2022,,,
ESTAT:ILC_DI17$DEFAULTVIEW(1.0),04/10/24 23:00:00,Annual,Euro,Mean equivalised net income,Cities,Total,Total,Euro area - 19 countries  (2015-2022),2023,,,
ESTAT:ILC_DI17$DEFAULTVIEW(1.0),04/10/24 23:00:00,Annual,Euro,Mean equivalised net income,Cities,Total,Total,Euro area - 19 countries  (2015-2022),2024,,,
ESTAT:ILC_DI17$DEFAULTVIEW(1.0),04/10/24 23:00:00,Annual,Euro,Mean equivalised net income,Cities,Total,Total,Euro area - 19 countries  (2015-2022),2025,,,
ESTAT:ILC_DI17$DEFAULTVIEW(1.0),04/10/24 23:00:00,Annual,Euro,Mean equivalised net income,Cities,Total,Total,Euro area – 20 countries (2023-2025),2016,21597,,
ESTAT:ILC_DI17$DEFAULTVIEW(1.0),04/10/24 23:00:00,Annual,Euro,Mean equivalised net income,Cities,Total,Total,Euro area – 20 countries (2023-2025),2017,22027,,
ESTAT:ILC_DI17$DEFAULTVIEW(1.0),04/10/24 23:00:00,Annual,Euro,Mean equivalised net income,Cities,Total,Total,Euro area – 20 countries (2023-2025),2018,22369,,
ESTAT:ILC_DI17$DEFAULTVIEW(1.0),04/10/24 23:00:00,Annual,Euro,Mean equivalised net income,Cities,Total,Total,Euro area – 20 countries (2023-2025),2019,22757,,
ESTAT:ILC_DI17$DEFAULTVIEW(1.0),04/10/24 23:00:00,Annual,Euro,Mean equivalised net income,Cities,Total,Total,Euro area – 20 countries (2023-2025),2020,24192,,
ESTAT:ILC_DI17$DEFAULTVIEW(1.0),04/10/24 23:00:00,Annual,Euro,Mean equivalised net income,Cities,Total,Total,Euro area – 20 countries (2023-2025),2021,24410,,
ESTAT:ILC_DI17$DEFAULTVIEW(1.0),04/10/24 23:00:00,Annual,Euro,Mean equivalised net income,Cities,Total,Total,Euro area – 20 countries (2023-2025),2022,25050,,
ESTAT:ILC_DI17$DEFAULTVIEW(1.0),04/10/24 23:00:00,Annual,Euro,Mean equivalised net income,Cities,Total,Total,Euro area – 20 countries (2023-2025),2023,26617,,
ESTAT:ILC_DI17$DEFAULTVIEW(1.0),04/10/24 23:00:00,Annual,Euro,Mean equivalised net income,Cities,Total,Total,Euro area – 20 countries (2023-2025),2024,28005,,
ESTAT:ILC_DI17$DEFAULTVIEW(1.0),04/10/24 23:00:00,Annual,Euro,Mean equivalised net income,Cities,Total,Total,Euro area – 20 countries (2023-2025),2025,,,
ESTAT:ILC_DI17$DEFAULTVIEW(1.0),04/10/24 23:00:00,Annual,Euro,Mean equivalised net income,Cities,Total,Total,Estonia,2016,11033,,
ESTAT:ILC_DI17$DEFAULTVIEW(1.0),04/10/24 23:00:00,Annual,Euro,Mean equivalised net income,Cities,Total,Total,Estonia,2017,11616,,
ESTAT:ILC_DI17$DEFAULTVIEW(1.0),04/10/24 23:00:00,Annual,Euro,Mean equivalised net income,Cities,Total,Total,Estonia,2018,12267,,
ESTAT:ILC_DI17$DEFAULTVIEW(1.0),04/10/24 23:00:00,Annual,Euro,Mean equivalised net income,Cities,Total,Total,Estonia,2019,13193,,
ESTAT:ILC_DI17$DEFAULTVIEW(1.0),04/10/24 23:00:00,Annual,Euro,Mean equivalised net income,Cities,Total,Total,Estonia,2020,14044,,
ESTAT:ILC_DI17$DEFAULTVIEW(1.0),04/10/24 23:00:00,Annual,Euro,Mean equivalised net income,Cities,Total,Total,Estonia,2021,15009,,
ESTAT:ILC_DI17$DEFAULTVIEW(1.0),04/10/24 23:00:00,Annual,Euro,Mean equivalised net income,Cities,Total,Total,Estonia,2022,17948,,
ESTAT:ILC_DI17$DEFAULTVIEW(1.0),04/10/24 23:00:00,Annual,Euro,Mean equivalised net income,Cities,Total,Total,Estonia,2023,18216,,
ESTAT:ILC_DI17$DEFAULTVIEW(1.0),04/10/24 23:00:00,Annual,Euro,Mean equivalised net income,Cities,Total,Total,Estonia,2024,19200,,
ESTAT:ILC_DI17$DEFAULTVIEW(1.0),04/10/24 23:00:00,Annual,Euro,Mean equivalised net income,Cities,Total,Total,Estonia,2025,20714,,
ESTAT:ILC_DI17$DEFAULTVIEW(1.0),04/10/24 23:00:00,Annual,Euro,Mean equivalised net income,Cities,Total,Total,Greece,2016,9441,,
ESTAT:ILC_DI17$DEFAULTVIEW(1.0),04/10/24 23:00:00,Annual,Euro,Mean equivalised net income,Cities,Total,Total,Greece,2017,9456,,
ESTAT:ILC_DI17$DEFAULTVIEW(1.0),04/10/24 23:00:00,Annual,Euro,Mean equivalised net income,Cities,Total,Total,Greece,2018,9578,,
ESTAT:ILC_DI17$DEFAULTVIEW(1.0),04/10/24 23:00:00,Annual,Euro,Mean equivalised net income,Cities,Total,Total,Greece,2019,10068,,
ESTAT:ILC_DI17$DEFAULTVIEW(1.0),04/10/24 23:00:00,Annual,Euro,Mean equivalised net income,Cities,Total,Total,Greece,2020,10899,,
ESTAT:ILC_DI17$DEFAULTVIEW(1.0),04/10/24 23:00:00,Annual,Euro,Mean equivalised net income,Cities,Total,Total,Greece,2021,10666,,
ESTAT:ILC_DI17$DEFAULTVIEW(1.0),04/10/24 23:00:00,Annual,Euro,Mean equivalised net income,Cities,Total,Total,Greece,2022,11490,,
ESTAT:ILC_DI17$DEFAULTVIEW(1.0),04/10/24 23:00:00,Annual,Euro,Mean equivalised net income,Cities,Total,Total,Greece,2023,12144,,
ESTAT:ILC_DI17$DEFAULTVIEW(1.0),04/10/24 23:00:00,Annual,Euro,Mean equivalised net income,Cities,Total,Total,Greece,2024,13369,,
ESTAT:ILC_DI17$DEFAULTVIEW(1.0),04/10/24 23:00:00,Annual,Euro,Mean equivalised net income,Cities,Total,Total,Greece,2025,,,
ESTAT:ILC_DI17$DEFAULTVIEW(1.0),04/10/24 23:00:00,Annual,Euro,Mean equivalised net income,Cities,Total,Total,Spain,2016,17319,,
ESTAT:ILC_DI17$DEFAULTVIEW(1.0),04/10/24 23:00:00,Annual,Euro,Mean equivalised net income,Cities,Total,Total,Spain,2017,17993,,
ESTAT:ILC_DI17$DEFAULTVIEW(1.0),04/10/24 23:00:00,Annual,Euro,Mean equivalised net income,Cities,Total,Total,Spain,2018,18655,,
ESTAT:ILC_DI17$DEFAULTVIEW(1.0),04/10/24 23:00:00,Annual,Euro,Mean equivalised net income,Cities,Total,Total,Spain,2019,19135,,
ESTAT:ILC_DI17$DEFAULTVIEW(1.0),04/10/24 23:00:00,Annual,Euro,Mean equivalised net income,Cities,Total,Total,Spain,2020,19667,,
ESTAT:ILC_DI17$DEFAULTVIEW(1.0),04/10/24 23:00:00,Annual,Euro,Mean equivalised net income,Cities,Total,Total,Spain,2021,19482,,
ESTAT:ILC_DI17$DEFAULTVIEW(1.0),04/10/24 23:00:00,Annual,Euro,Mean equivalised net income,Cities,Total,Total,Spain,2022,20624,,
ESTAT:ILC_DI17$DEFAULTVIEW(1.0),04/10/24 23:00:00,Annual,Euro,Mean equivalised net income,Cities,Total,Total,Spain,2023,22278,,
ESTAT:ILC_DI17$DEFAULTVIEW(1.0),04/10/24 23:00:00,Annual,Euro,Mean equivalised net income,Cities,Total,Total,Spain,2024,23493,,
ESTAT:ILC_DI17$DEFAULTVIEW(1.0),04/10/24 23:00:00,Annual,Euro,Mean equivalised net income,Cities,Total,Total,Spain,2025,,,
ESTAT:ILC_DI17$DEFAULTVIEW(1.0),04/10/24 23:00:00,Annual,Euro,Mean equivalised net income,Cities,Total,Total,"European Union (EU6-1958, EU9-1973, EU10-1981, EU12-1986, EU15-1995, EU25-2004, EU27-2007, EU28-2013, EU27-2020)",2016,20294,e,
ESTAT:ILC_DI17$DEFAULTVIEW(1.0),04/10/24 23:00:00,Annual,Euro,Mean equivalised net income,Cities,Total,Total,"European Union (EU6-1958, EU9-1973, EU10-1981, EU12-1986, EU15-1995, EU25-2004, EU27-2007, EU28-2013, EU27-2020)",2017,20865,e,
ESTAT:ILC_DI17$DEFAULTVIEW(1.0),04/10/24 23:00:00,Annual,Euro,Mean equivalised net income,Cities,Total,Total,"European Union (EU6-1958, EU9-1973, EU10-1981, EU12-1986, EU15-1995, EU25-2004, EU27-2007, EU28-2013, EU27-2020)",2018,21253,e,
ESTAT:ILC_DI17$DEFAULTVIEW(1.0),04/10/24 23:00:00,Annual,Euro,Mean equivalised net income,Cities,Total,Total,"European Union (EU6-1958, EU9-1973, EU10-1981, EU12-1986, EU15-1995, EU25-2004, EU27-2007, EU28-2013, EU27-2020)",2019,21563,e,
ESTAT:ILC_DI17$DEFAULTVIEW(1.0),04/10/24 23:00:00,Annual,Euro,Mean equivalised net income,Cities,Total,Total,"European Union (EU6-1958, EU9-1973, EU10-1981, EU12-1986, EU15-1995, EU25-2004, EU27-2007, EU28-2013, EU27-2020)",2020,,,
ESTAT:ILC_DI17$DEFAULTVIEW(1.0),04/10/24 23:00:00,Annual,Euro,Mean equivalised net income,Cities,Total,Total,"European Union (EU6-1958, EU9-1973, EU10-1981, EU12-1986, EU15-1995, EU25-2004, EU27-2007, EU28-2013, EU27-2020)",2021,,,
ESTAT:ILC_DI17$DEFAULTVIEW(1.0),04/10/24 23:00:00,Annual,Euro,Mean equivalised net income,Cities,Total,Total,"European Union (EU6-1958, EU9-1973, EU10-1981, EU12-1986, EU15-1995, EU25-2004, EU27-2007, EU28-2013, EU27-2020)",2022,,,
ESTAT:ILC_DI17$DEFAULTVIEW(1.0),04/10/24 23:00:00,Annual,Euro,Mean equivalised net income,Cities,Total,Total,"European Union (EU6-1958, EU9-1973, EU10-1981, EU12-1986, EU15-1995, EU25-2004, EU27-2007, EU28-2013, EU27-2020)",2023,,,
ESTAT:ILC_DI17$DEFAULTVIEW(1.0),04/10/24 23:00:00,Annual,Euro,Mean equivalised net income,Cities,Total,Total,"European Union (EU6-1958, EU9-1973, EU10-1981, EU12-1986, EU15-1995, EU25-2004, EU27-2007, EU28-2013, EU27-2020)",2024,,,
ESTAT:ILC_DI17$DEFAULTVIEW(1.0),04/10/24 23:00:00,Annual,Euro,Mean equivalised net income,Cities,Total,Total,"European Union (EU6-1958, EU9-1973, EU10-1981, EU12-1986, EU15-1995, EU25-2004, EU27-2007, EU28-2013, EU27-2020)",2025,,,
ESTAT:ILC_DI17$DEFAULTVIEW(1.0),04/10/24 23:00:00,Annual,Euro,Mean equivalised net income,Cities,Total,Total,European Union - 27 countries (2007-2013),2016,20361,,
ESTAT:ILC_DI17$DEFAULTVIEW(1.0),04/10/24 23:00:00,Annual,Euro,Mean equivalised net income,Cities,Total,Total,European Union - 27 countries (2007-2013),2017,20934,,
ESTAT:ILC_DI17$DEFAULTVIEW(1.0),04/10/24 23:00:00,Annual,Euro,Mean equivalised net income,Cities,Total,Total,European Union - 27 countries (2007-2013),2018,21325,,
ESTAT:ILC_DI17$DEFAULTVIEW(1.0),04/10/24 23:00:00,Annual,Euro,Mean equivalised net income,Cities,Total,Total,European Union - 27 countries (2007-2013),2019,21636,e,
ESTAT:ILC_DI17$DEFAULTVIEW(1.0),04/10/24 23:00:00,Annual,Euro,Mean equivalised net income,Cities,Total,Total,European Union - 27 countries (2007-2013),2020,,,
ESTAT:ILC_DI17$DEFAULTVIEW(1.0),04/10/24 23:00:00,Annual,Euro,Mean equivalised net income,Cities,Total,Total,European Union - 27 countries (2007-2013),2021,,,
ESTAT:ILC_DI17$DEFAULTVIEW(1.0),04/10/24 23:00:00,Annual,Euro,Mean equivalised net income,Cities,Total,Total,European Union - 27 countries (2007-2013),2022,,,
ESTAT:ILC_DI17$DEFAULTVIEW(1.0),04/10/24 23:00:00,Annual,Euro,Mean equivalised net income,Cities,Total,Total,European Union - 27 countries (2007-2013),2023,,,
ESTAT:ILC_DI17$DEFAULTVIEW(1.0),04/10/24 23:00:00,Annual,Euro,Mean equivalised net income,Cities,Total,Total,European Union - 27 countries (2007-2013),2024,,,
ESTAT:ILC_DI17$DEFAULTVIEW(1.0),04/10/24 23:00:00,Annual,Euro,Mean equivalised net income,Cities,Total,Total,European Union - 27 countries (2007-2013),2025,,,
ESTAT:ILC_DI17$DEFAULTVIEW(1.0),04/10/24 23:00:00,Annual,Euro,Mean equivalised net income,Cities,Total,Total,European Union - 27 countries (from 2020),2016,19419,e,
ESTAT:ILC_DI17$DEFAULTVIEW(1.0),04/10/24 23:00:00,Annual,Euro,Mean equivalised net income,Cities,Total,Total,European Union - 27 countries (from 2020),2017,19911,e,
ESTAT:ILC_DI17$DEFAULTVIEW(1.0),04/10/24 23:00:00,Annual,Euro,Mean equivalised net income,Cities,Total,Total,European Union - 27 countries (from 2020),2018,20279,e,
ESTAT:ILC_DI17$DEFAULTVIEW(1.0),04/10/24 23:00:00,Annual,Euro,Mean equivalised net income,Cities,Total,Total,European Union - 27 countries (from 2020),2019,20609,,
ESTAT:ILC_DI17$DEFAULTVIEW(1.0),04/10/24 23:00:00,Annual,Euro,Mean equivalised net income,Cities,Total,Total,European Union - 27 countries (from 2020),2020,21966,,
ESTAT:ILC_DI17$DEFAULTVIEW(1.0),04/10/24 23:00:00,Annual,Euro,Mean equivalised net income,Cities,Total,Total,European Union - 27 countries (from 2020),2021,22285,,
ESTAT:ILC_DI17$DEFAULTVIEW(1.0),04/10/24 23:00:00,Annual,Euro,Mean equivalised net income,Cities,Total,Total,European Union - 27 countries (from 2020),2022,23016,,
ESTAT:ILC_DI17$DEFAULTVIEW(1.0),04/10/24 23:00:00,Annual,Euro,Mean equivalised net income,Cities,Total,Total,European Union - 27 countries (from 2020),2023,24502,,
ESTAT:ILC_DI17$DEFAULTVIEW(1.0),04/10/24 23:00:00,Annual,Euro,Mean equivalised net income,Cities,Total,Total,European Union - 27 countries (from 2020),2024,25898,,
ESTAT:ILC_DI17$DEFAULTVIEW(1.0),04/10/24 23:00:00,Annual,Euro,Mean equivalised net income,Cities,Total,Total,European Union - 27 countries (from 2020),2025,,,
ESTAT:ILC_DI17$DEFAULTVIEW(1.0),04/10/24 23:00:00,Annual,Euro,Mean equivalised net income,Cities,Total,Total,European Union - 28 countries (2013-2020),2016,20294,,
ESTAT:ILC_DI17$DEFAULTVIEW(1.0),04/10/24 23:00:00,Annual,Euro,Mean equivalised net income,Cities,Total,Total,European Union - 28 countries (2013-2020),2017,20865,,
ESTAT:ILC_DI17$DEFAULTVIEW(1.0),04/10/24 23:00:00,Annual,Euro,Mean equivalised net income,Cities,Total,Total,European Union - 28 countries (2013-2020),2018,21253,,
ESTAT:ILC_DI17$DEFAULTVIEW(1.0),04/10/24 23:00:00,Annual,Euro,Mean equivalised net income,Cities,Total,Total,European Union - 28 countries (2013-2020),2019,21563,e,
ESTAT:ILC_DI17$DEFAULTVIEW(1.0),04/10/24 23:00:00,Annual,Euro,Mean equivalised net income,Cities,Total,Total,European Union - 28 countries (2013-2020),2020,,,
ESTAT:ILC_DI17$DEFAULTVIEW(1.0),04/10/24 23:00:00,Annual,Euro,Mean equivalised net income,Cities,Total,Total,European Union - 28 countries (2013-2020),2021,,,
ESTAT:ILC_DI17$DEFAULTVIEW(1.0),04/10/24 23:00:00,Annual,Euro,Mean equivalised net income,Cities,Total,Total,European Union - 28 countries (2013-2020),2022,,,
ESTAT:ILC_DI17$DEFAULTVIEW(1.0),04/10/24 23:00:00,Annual,Euro,Mean equivalised net income,Cities,Total,Total,European Union - 28 countries (2013-2020),2023,,,
ESTAT:ILC_DI17$DEFAULTVIEW(1.0),04/10/24 23:00:00,Annual,Euro,Mean equivalised net income,Cities,Total,Total,European Union - 28 countries (2013-2020),2024,,,
ESTAT:ILC_DI17$DEFAULTVIEW(1.0),04/10/24 23:00:00,Annual,Euro,Mean equivalised net income,Cities,Total,Total,European Union - 28 countries (2013-2020),2025,,,
ESTAT:ILC_DI17$DEFAULTVIEW(1.0),04/10/24 23:00:00,Annual,Euro,Mean equivalised net income,Cities,Total,Total,Finland,2016,28575,,
ESTAT:ILC_DI17$DEFAULTVIEW(1.0),04/10/24 23:00:00,Annual,Euro,Mean equivalised net income,Cities,Total,Total,Finland,2017,28891,,
ESTAT:ILC_DI17$DEFAULTVIEW(1.0),04/10/24 23:00:00,Annual,Euro,Mean equivalised net income,Cities,Total,Total,Finland,2018,29465,,
ESTAT:ILC_DI17$DEFAULTVIEW(1.0),04/10/24 23:00:00,Annual,Euro,Mean equivalised net income,Cities,Total,Total,Finland,2019,30065,,
ESTAT:ILC_DI17$DEFAULTVIEW(1.0),04/10/24 23:00:00,Annual,Euro,Mean equivalised net income,Cities,Total,Total,Finland,2020,30873,,
ESTAT:ILC_DI17$DEFAULTVIEW(1.0),04/10/24 23:00:00,Annual,Euro,Mean equivalised net income,Cities,Total,Total,Finland,2021,30547,,
ESTAT:ILC_DI17$DEFAULTVIEW(1.0),04/10/24 23:00:00,Annual,Euro,Mean equivalised net income,Cities,Total,Total,Finland,2022,31685,,
ESTAT:ILC_DI17$DEFAULTVIEW(1.0),04/10/24 23:00:00,Annual,Euro,Mean equivalised net income,Cities,Total,Total,Finland,2023,32690,,
ESTAT:ILC_DI17$DEFAULTVIEW(1.0),04/10/24 23:00:00,Annual,Euro,Mean equivalised net income,Cities,Total,Total,Finland,2024,33572,,
ESTAT:ILC_DI17$DEFAULTVIEW(1.0),04/10/24 23:00:00,Annual,Euro,Mean equivalised net income,Cities,Total,Total,Finland,2025,,,
ESTAT:ILC_DI17$DEFAULTVIEW(1.0),04/10/24 23:00:00,Annual,Euro,Mean equivalised net income,Cities,Total,Total,France,2016,27254,,
ESTAT:ILC_DI17$DEFAULTVIEW(1.0),04/10/24 23:00:00,Annual,Euro,Mean equivalised net income,Cities,Total,Total,France,2017,26696,,
ESTAT:ILC_DI17$DEFAULTVIEW(1.0),04/10/24 23:00:00,Annual,Euro,Mean equivalised net income,Cities,Total,Total,France,2018,26735,,
ESTAT:ILC_DI17$DEFAULTVIEW(1.0),04/10/24 23:00:00,Annual,Euro,Mean equivalised net income,Cities,Total,Total,France,2019,27062,,
ESTAT:ILC_DI17$DEFAULTVIEW(1.0),04/10/24 23:00:00,Annual,Euro,Mean equivalised net income,Cities,Total,Total,France,2020,26609,b,
ESTAT:ILC_DI17$DEFAULTVIEW(1.0),04/10/24 23:00:00,Annual,Euro,Mean equivalised net income,Cities,Total,Total,France,2021,28001,,
ESTAT:ILC_DI17$DEFAULTVIEW(1.0),04/10/24 23:00:00,Annual,Euro,Mean equivalised net income,Cities,Total,Total,France,2022,27983,b,
ESTAT:ILC_DI17$DEFAULTVIEW(1.0),04/10/24 23:00:00,Annual,Euro,Mean equivalised net income,Cities,Total,Total,France,2023,29445,,
ESTAT:ILC_DI17$DEFAULTVIEW(1.0),04/10/24 23:00:00,Annual,Euro,Mean equivalised net income,Cities,Total,Total,France,2024,31294,,
ESTAT:ILC_DI17$DEFAULTVIEW(1.0),04/10/24 23:00:00,Annual,Euro,Mean equivalised net income,Cities,Total,Total,France,2025,,,
ESTAT:ILC_DI17$DEFAULTVIEW(1.0),04/10/24 23:00:00,Annual,Euro,Mean equivalised net income,Cities,Total,Total,Croatia,2016,7631,,
ESTAT:ILC_DI17$DEFAULTVIEW(1.0),04/10/24 23:00:00,Annual,Euro,Mean equivalised net income,Cities,Total,Total,Croatia,2017,8120,,
ESTAT:ILC_DI17$DEFAULTVIEW(1.0),04/10/24 23:00:00,Annual,Euro,Mean equivalised net income,Cities,Total,Total,Croatia,2018,8530,,
ESTAT:ILC_DI17$DEFAULTVIEW(1.0),04/10/24 23:00:00,Annual,Euro,Mean equivalised net income,Cities,Total,Total,Croatia,2019,9084,,
ESTAT:ILC_DI17$DEFAULTVIEW(1.0),04/10/24 23:00:00,Annual,Euro,Mean equivalised net income,Cities,Total,Total,Croatia,2020,9498,,
ESTAT:ILC_DI17$DEFAULTVIEW(1.0),04/10/24 23:00:00,Annual,Euro,Mean equivalised net income,Cities,Total,Total,Croatia,2021,10178,,
ESTAT:ILC_DI17$DEFAULTVIEW(1.0),04/10/24 23:00:00,Annual,Euro,Mean equivalised net income,Cities,Total,Total,Croatia,2022,11043,,
ESTAT:ILC_DI17$DEFAULTVIEW(1.0),04/10/24 23:00:00,Annual,Euro,Mean equivalised net income,Cities,Total,Total,Croatia,2023,12690,b,
ESTAT:ILC_DI17$DEFAULTVIEW(1.0),04/10/24 23:00:00,Annual,Euro,Mean equivalised net income,Cities,Total,Total,Croatia,2024,16024,b,
ESTAT:ILC_DI17$DEFAULTVIEW(1.0),04/10/24 23:00:00,Annual,Euro,Mean equivalised net income,Cities,Total,Total,Croatia,2025,,,
ESTAT:ILC_DI17$DEFAULTVIEW(1.0),04/10/24 23:00:00,Annual,Euro,Mean equivalised net income,Cities,Total,Total,Hungary,2016,6485,,
ESTAT:ILC_DI17$DEFAULTVIEW(1.0),04/10/24 23:00:00,Annual,Euro,Mean equivalised net income,Cities,Total,Total,Hungary,2017,6535,,
ESTAT:ILC_DI17$DEFAULTVIEW(1.0),04/10/24 23:00:00,Annual,Euro,Mean equivalised net income,Cities,Total,Total,Hungary,2018,6932,,
ESTAT:ILC_DI17$DEFAULTVIEW(1.0),04/10/24 23:00:00,Annual,Euro,Mean equivalised net income,Cities,Total,Total,Hungary,2019,7120,b,
ESTAT:ILC_DI17$DEFAULTVIEW(1.0),04/10/24 23:00:00,Annual,Euro,Mean equivalised net income,Cities,Total,Total,Hungary,2020,7629,,
ESTAT:ILC_DI17$DEFAULTVIEW(1.0),04/10/24 23:00:00,Annual,Euro,Mean equivalised net income,Cities,Total,Total,Hungary,2021,8249,,
ESTAT:ILC_DI17$DEFAULTVIEW(1.0),04/10/24 23:00:00,Annual,Euro,Mean equivalised net income,Cities,Total,Total,Hungary,2022,8773,,
ESTAT:ILC_DI17$DEFAULTVIEW(1.0),04/10/24 23:00:00,Annual,Euro,Mean equivalised net income,Cities,Total,Total,Hungary,2023,8842,,
ESTAT:ILC_DI17$DEFAULTVIEW(1.0),04/10/24 23:00:00,Annual,Euro,Mean equivalised net income,Cities,Total,Total,Hungary,2024,10970,,
ESTAT:ILC_DI17$DEFAULTVIEW(1.0),04/10/24 23:00:00,Annual,Euro,Mean equivalised net income,Cities,Total,Total,Hungary,2025,,,
ESTAT:ILC_DI17$DEFAULTVIEW(1.0),04/10/24 23:00:00,Annual,Euro,Mean equivalised net income,Cities,Total,Total,Ireland,2016,28830,,
ESTAT:ILC_DI17$DEFAULTVIEW(1.0),04/10/24 23:00:00,Annual,Euro,Mean equivalised net income,Cities,Total,Total,Ireland,2017,30322,,
ESTAT:ILC_DI17$DEFAULTVIEW(1.0),04/10/24 23:00:00,Annual,Euro,Mean equivalised net income,Cities,Total,Total,Ireland,2018,32574,,
ESTAT:ILC_DI17$DEFAULTVIEW(1.0),04/10/24 23:00:00,Annual,Euro,Mean equivalised net income,Cities,Total,Total,Ireland,2019,32151,b,
ESTAT:ILC_DI17$DEFAULTVIEW(1.0),04/10/24 23:00:00,Annual,Euro,Mean equivalised net income,Cities,Total,Total,Ireland,2020,34718,b,
ESTAT:ILC_DI17$DEFAULTVIEW(1.0),04/10/24 23:00:00,Annual,Euro,Mean equivalised net income,Cities,Total,Total,Ireland,2021,35106,,
ESTAT:ILC_DI17$DEFAULTVIEW(1.0),04/10/24 23:00:00,Annual,Euro,Mean equivalised net income,Cities,Total,Total,Ireland,2022,37494,,
ESTAT:ILC_DI17$DEFAULTVIEW(1.0),04/10/24 23:00:00,Annual,Euro,Mean equivalised net income,Cities,Total,Total,Ireland,2023,38642,,
ESTAT:ILC_DI17$DEFAULTVIEW(1.0),04/10/24 23:00:00,Annual,Euro,Mean equivalised net income,Cities,Total,Total,Ireland,2024,41603,,
ESTAT:ILC_DI17$DEFAULTVIEW(1.0),04/10/24 23:00:00,Annual,Euro,Mean equivalised net income,Cities,Total,Total,Ireland,2025,,,
ESTAT:ILC_DI17$DEFAULTVIEW(1.0),04/10/24 23:00:00,Annual,Euro,Mean equivalised net income,Cities,Total,Total,Iceland,2016,32846,,
ESTAT:ILC_DI17$DEFAULTVIEW(1.0),04/10/24 23:00:00,Annual,Euro,Mean equivalised net income,Cities,Total,Total,Iceland,2017,38578,,
ESTAT:ILC_DI17$DEFAULTVIEW(1.0),04/10/24 23:00:00,Annual,Euro,Mean equivalised net income,Cities,Total,Total,Iceland,2018,45360,,
ESTAT:ILC_DI17$DEFAULTVIEW(1.0),04/10/24 23:00:00,Annual,Euro,Mean equivalised net income,Cities,Total,Total,Iceland,2019,42171,,
ESTAT:ILC_DI17$DEFAULTVIEW(1.0),04/10/24 23:00:00,Annual,Euro,Mean equivalised net income,Cities,Total,Total,Iceland,2020,40949,,
ESTAT:ILC_DI17$DEFAULTVIEW(1.0),04/10/24 23:00:00,Annual,Euro,Mean equivalised net income,Cities,Total,Total,Iceland,2021,,,
ESTAT:ILC_DI17$DEFAULTVIEW(1.0),04/10/24 23:00:00,Annual,Euro,Mean equivalised net income,Cities,Total,Total,Iceland,2022,,,
ESTAT:ILC_DI17$DEFAULTVIEW(1.0),04/10/24 23:00:00,Annual,Euro,Mean equivalised net income,Cities,Total,Total,Iceland,2023,,,
ESTAT:ILC_DI17$DEFAULTVIEW(1.0),04/10/24 23:00:00,Annual,Euro,Mean equivalised net income,Cities,Total,Total,Iceland,2024,,,
ESTAT:ILC_DI17$DEFAULTVIEW(1.0),04/10/24 23:00:00,Annual,Euro,Mean equivalised net income,Cities,Total,Total,Iceland,2025,,,
ESTAT:ILC_DI17$DEFAULTVIEW(1.0),04/10/24 23:00:00,Annual,Euro,Mean equivalised net income,Cities,Total,Total,Italy,2016,19673,,
ESTAT:ILC_DI17$DEFAULTVIEW(1.0),04/10/24 23:00:00,Annual,Euro,Mean equivalised net income,Cities,Total,Total,Italy,2017,20042,,
ESTAT:ILC_DI17$DEFAULTVIEW(1.0),04/10/24 23:00:00,Annual,Euro,Mean equivalised net income,Cities,Total,Total,Italy,2018,20597,,
ESTAT:ILC_DI17$DEFAULTVIEW(1.0),04/10/24 23:00:00,Annual,Euro,Mean equivalised net income,Cities,Total,Total,Italy,2019,20570,,
ESTAT:ILC_DI17$DEFAULTVIEW(1.0),04/10/24 23:00:00,Annual,Euro,Mean equivalised net income,Cities,Total,Total,Italy,2020,21500,,
ESTAT:ILC_DI17$DEFAULTVIEW(1.0),04/10/24 23:00:00,Annual,Euro,Mean equivalised net income,Cities,Total,Total,Italy,2021,21462,,
ESTAT:ILC_DI17$DEFAULTVIEW(1.0),04/10/24 23:00:00,Annual,Euro,Mean equivalised net income,Cities,Total,Total,Italy,2022,22900,,
ESTAT:ILC_DI17$DEFAULTVIEW(1.0),04/10/24 23:00:00,Annual,Euro,Mean equivalised net income,Cities,Total,Total,Italy,2023,24143,,
ESTAT:ILC_DI17$DEFAULTVIEW(1.0),04/10/24 23:00:00,Annual,Euro,Mean equivalised net income,Cities,Total,Total,Italy,2024,25308,,
ESTAT:ILC_DI17$DEFAULTVIEW(1.0),04/10/24 23:00:00,Annual,Euro,Mean equivalised net income,Cities,Total,Total,Italy,2025,,,
ESTAT:ILC_DI17$DEFAULTVIEW(1.0),04/10/24 23:00:00,Annual,Euro,Mean equivalised net income,Cities,Total,Total,Lithuania,2016,8437,,
ESTAT:ILC_DI17$DEFAULTVIEW(1.0),04/10/24 23:00:00,Annual,Euro,Mean equivalised net income,Cities,Total,Total,Lithuania,2017,9404,,
ESTAT:ILC_DI17$DEFAULTVIEW(1.0),04/10/24 23:00:00,Annual,Euro,Mean equivalised net income,Cities,Total,Total,Lithuania,2018,10116,,
ESTAT:ILC_DI17$DEFAULTVIEW(1.0),04/10/24 23:00:00,Annual,Euro,Mean equivalised net income,Cities,Total,Total,Lithuania,2019,10871,,
ESTAT:ILC_DI17$DEFAULTVIEW(1.0),04/10/24 23:00:00,Annual,Euro,Mean equivalised net income,Cities,Total,Total,Lithuania,2020,12375,,
ESTAT:ILC_DI17$DEFAULTVIEW(1.0),04/10/24 23:00:00,Annual,Euro,Mean equivalised net income,Cities,Total,Total,Lithuania,2021,13766,,
ESTAT:ILC_DI17$DEFAULTVIEW(1.0),04/10/24 23:00:00,Annual,Euro,Mean equivalised net income,Cities,Total,Total,Lithuania,2022,14928,,
ESTAT:ILC_DI17$DEFAULTVIEW(1.0),04/10/24 23:00:00,Annual,Euro,Mean equivalised net income,Cities,Total,Total,Lithuania,2023,16115,,
ESTAT:ILC_DI17$DEFAULTVIEW(1.0),04/10/24 23:00:00,Annual,Euro,Mean equivalised net income,Cities,Total,Total,Lithuania,2024,17347,p,
ESTAT:ILC_DI17$DEFAULTVIEW(1.0),04/10/24 23:00:00,Annual,Euro,Mean equivalised net income,Cities,Total,Total,Lithuania,2025,,,
ESTAT:ILC_DI17$DEFAULTVIEW(1.0),04/10/24 23:00:00,Annual,Euro,Mean equivalised net income,Cities,Total,Total,Luxembourg,2016,44554,b,
ESTAT:ILC_DI17$DEFAULTVIEW(1.0),04/10/24 23:00:00,Annual,Euro,Mean equivalised net income,Cities,Total,Total,Luxembourg,2017,47788,,
ESTAT:ILC_DI17$DEFAULTVIEW(1.0),04/10/24 23:00:00,Annual,Euro,Mean equivalised net income,Cities,Total,Total,Luxembourg,2018,44929,,
ESTAT:ILC_DI17$DEFAULTVIEW(1.0),04/10/24 23:00:00,Annual,Euro,Mean equivalised net income,Cities,Total,Total,Luxembourg,2019,48452,,
ESTAT:ILC_DI17$DEFAULTVIEW(1.0),04/10/24 23:00:00,Annual,Euro,Mean equivalised net income,Cities,Total,Total,Luxembourg,2020,49482,b,
ESTAT:ILC_DI17$DEFAULTVIEW(1.0),04/10/24 23:00:00,Annual,Euro,Mean equivalised net income,Cities,Total,Total,Luxembourg,2021,55509,b,
ESTAT:ILC_DI17$DEFAULTVIEW(1.0),04/10/24 23:00:00,Annual,Euro,Mean equivalised net income,Cities,Total,Total,Luxembourg,2022,58329,b,
ESTAT:ILC_DI17$DEFAULTVIEW(1.0),04/10/24 23:00:00,Annual,Euro,Mean equivalised net income,Cities,Total,Total,Luxembourg,2023,64863,,
ESTAT:ILC_DI17$DEFAULTVIEW(1.0),04/10/24 23:00:00,Annual,Euro,Mean equivalised net income,Cities,Total,Total,Luxembourg,2024,68293,,
ESTAT:ILC_DI17$DEFAULTVIEW(1.0),04/10/24 23:00:00,Annual,Euro,Mean equivalised net income,Cities,Total,Total,Luxembourg,2025,,,
ESTAT:ILC_DI17$DEFAULTVIEW(1.0),04/10/24 23:00:00,Annual,Euro,Mean equivalised net income,Cities,Total,Total,Latvia,2016,8444,,
ESTAT:ILC_DI17$DEFAULTVIEW(1.0),04/10/24 23:00:00,Annual,Euro,Mean equivalised net income,Cities,Total,Total,Latvia,2017,8683,,
ESTAT:ILC_DI17$DEFAULTVIEW(1.0),04/10/24 23:00:00,Annual,Euro,Mean equivalised net income,Cities,Total,Total,Latvia,2018,9706,,
ESTAT:ILC_DI17$DEFAULTVIEW(1.0),04/10/24 23:00:00,Annual,Euro,Mean equivalised net income,Cities,Total,Total,Latvia,2019,10852,,
ESTAT:ILC_DI17$DEFAULTVIEW(1.0),04/10/24 23:00:00,Annual,Euro,Mean equivalised net income,Cities,Total,Total,Latvia,2020,11338,,
ESTAT:ILC_DI17$DEFAULTVIEW(1.0),04/10/24 23:00:00,Annual,Euro,Mean equivalised net income,Cities,Total,Total,Latvia,2021,12231,,
ESTAT:ILC_DI17$DEFAULTVIEW(1.0),04/10/24 23:00:00,Annual,Euro,Mean equivalised net income,Cities,Total,Total,Latvia,2022,13052,,
ESTAT:ILC_DI17$DEFAULTVIEW(1.0),04/10/24 23:00:00,Annual,Euro,Mean equivalised net income,Cities,Total,Total,Latvia,2023,14390,,
ESTAT:ILC_DI17$DEFAULTVIEW(1.0),04/10/24 23:00:00,Annual,Euro,Mean equivalised net income,Cities,Total,Total,Latvia,2024,16609,,
ESTAT:ILC_DI17$DEFAULTVIEW(1.0),04/10/24 23:00:00,Annual,Euro,Mean equivalised net income,Cities,Total,Total,Latvia,2025,,,
ESTAT:ILC_DI17$DEFAULTVIEW(1.0),04/10/24 23:00:00,Annual,Euro,Mean equivalised net income,Cities,Total,Total,North Macedonia,2016,2738,,
ESTAT:ILC_DI17$DEFAULTVIEW(1.0),04/10/24 23:00:00,Annual,Euro,Mean equivalised net income,Cities,Total,Total,North Macedonia,2017,2838,,
ESTAT:ILC_DI17$DEFAULTVIEW(1.0),04/10/24 23:00:00,Annual,Euro,Mean equivalised net income,Cities,Total,Total,North Macedonia,2018,3023,,
ESTAT:ILC_DI17$DEFAULTVIEW(1.0),04/10/24 23:00:00,Annual,Euro,Mean equivalised net income,Cities,Total,Total,North Macedonia,2019,3217,,
ESTAT:ILC_DI17$DEFAULTVIEW(1.0),04/10/24 23:00:00,Annual,Euro,Mean equivalised net income,Cities,Total,Total,North Macedonia,2020,3483,,
ESTAT:ILC_DI17$DEFAULTVIEW(1.0),04/10/24 23:00:00,Annual,Euro,Mean equivalised net income,Cities,Total,Total,North Macedonia,2021,3599,b,
ESTAT:ILC_DI17$DEFAULTVIEW(1.0),04/10/24 23:00:00,Annual,Euro,Mean equivalised net income,Cities,Total,Total,North Macedonia,2022,3677,,
ESTAT:ILC_DI17$DEFAULTVIEW(1.0),04/10/24 23:00:00,Annual,Euro,Mean equivalised net income,Cities,Total,Total,North Macedonia,2023,4267,,
ESTAT:ILC_DI17$DEFAULTVIEW(1.0),04/10/24 23:00:00,Annual,Euro,Mean equivalised net income,Cities,Total,Total,North Macedonia,2024,,,
ESTAT:ILC_DI17$DEFAULTVIEW(1.0),04/10/24 23:00:00,Annual,Euro,Mean equivalised net income,Cities,Total,Total,North Macedonia,2025,,,
ESTAT:ILC_DI17$DEFAULTVIEW(1.0),04/10/24 23:00:00,Annual,Euro,Mean equivalised net income,Cities,Total,Total,Malta,2016,15504,,
ESTAT:ILC_DI17$DEFAULTVIEW(1.0),04/10/24 23:00:00,Annual,Euro,Mean equivalised net income,Cities,Total,Total,Malta,2017,16435,,
ESTAT:ILC_DI17$DEFAULTVIEW(1.0),04/10/24 23:00:00,Annual,Euro,Mean equivalised net income,Cities,Total,Total,Malta,2018,16737,,
ESTAT:ILC_DI17$DEFAULTVIEW(1.0),04/10/24 23:00:00,Annual,Euro,Mean equivalised net income,Cities,Total,Total,Malta,2019,17290,,
ESTAT:ILC_DI17$DEFAULTVIEW(1.0),04/10/24 23:00:00,Annual,Euro,Mean equivalised net income,Cities,Total,Total,Malta,2020,19057,,
ESTAT:ILC_DI17$DEFAULTVIEW(1.0),04/10/24 23:00:00,Annual,Euro,Mean equivalised net income,Cities,Total,Total,Malta,2021,18865,,
ESTAT:ILC_DI17$DEFAULTVIEW(1.0),04/10/24 23:00:00,Annual,Euro,Mean equivalised net income,Cities,Total,Total,Malta,2022,19473,,
ESTAT:ILC_DI17$DEFAULTVIEW(1.0),04/10/24 23:00:00,Annual,Euro,Mean equivalised net income,Cities,Total,Total,Malta,2023,21848,,
ESTAT:ILC_DI17$DEFAULTVIEW(1.0),04/10/24 23:00:00,Annual,Euro,Mean equivalised net income,Cities,Total,Total,Malta,2024,23682,,
ESTAT:ILC_DI17$DEFAULTVIEW(1.0),04/10/24 23:00:00,Annual,Euro,Mean equivalised net income,Cities,Total,Total,Malta,2025,,,
ESTAT:ILC_DI17$DEFAULTVIEW(1.0),04/10/24 23:00:00,Annual,Euro,Mean equivalised net income,Cities,Total,Total,Netherlands,2016,25249,b,
ESTAT:ILC_DI17$DEFAULTVIEW(1.0),04/10/24 23:00:00,Annual,Euro,Mean equivalised net income,Cities,Total,Total,Netherlands,2017,26353,,
ESTAT:ILC_DI17$DEFAULTVIEW(1.0),04/10/24 23:00:00,Annual,Euro,Mean equivalised net income,Cities,Total,Total,Netherlands,2018,26641,,
ESTAT:ILC_DI17$DEFAULTVIEW(1.0),04/10/24 23:00:00,Annual,Euro,Mean equivalised net income,Cities,Total,Total,Netherlands,2019,27213,,
ESTAT:ILC_DI17$DEFAULTVIEW(1.0),04/10/24 23:00:00,Annual,Euro,Mean equivalised net income,Cities,Total,Total,Netherlands,2020,28600,,
ESTAT:ILC_DI17$DEFAULTVIEW(1.0),04/10/24 23:00:00,Annual,Euro,Mean equivalised net income,Cities,Total,Total,Netherlands,2021,30270,,
ESTAT:ILC_DI17$DEFAULTVIEW(1.0),04/10/24 23:00:00,Annual,Euro,Mean equivalised net income,Cities,Total,Total,Netherlands,2022,31455,,
ESTAT:ILC_DI17$DEFAULTVIEW(1.0),04/10/24 23:00:00,Annual,Euro,Mean equivalised net income,Cities,Total,Total,Netherlands,2023,32404,,
ESTAT:ILC_DI17$DEFAULTVIEW(1.0),04/10/24 23:00:00,Annual,Euro,Mean equivalised net income,Cities,Total,Total,Netherlands,2024,34893,,
ESTAT:ILC_DI17$DEFAULTVIEW(1.0),04/10/24 23:00:00,Annual,Euro,Mean equivalised net income,Cities,Total,Total,Netherlands,2025,,,
ESTAT:ILC_DI17$DEFAULTVIEW(1.0),04/10/24 23:00:00,Annual,Euro,Mean equivalised net income,Cities,Total,Total,Norway,2016,44407,,
ESTAT:ILC_DI17$DEFAULTVIEW(1.0),04/10/24 23:00:00,Annual,Euro,Mean equivalised net income,Cities,Total,Total,Norway,2017,43110,,
ESTAT:ILC_DI17$DEFAULTVIEW(1.0),04/10/24 23:00:00,Annual,Euro,Mean equivalised net income,Cities,Total,Total,Norway,2018,41689,,
ESTAT:ILC_DI17$DEFAULTVIEW(1.0),04/10/24 23:00:00,Annual,Euro,Mean equivalised net income,Cities,Total,Total,Norway,2019,43538,,
ESTAT:ILC_DI17$DEFAULTVIEW(1.0),04/10/24 23:00:00,Annual,Euro,Mean equivalised net income,Cities,Total,Total,Norway,2020,45012,,
ESTAT:ILC_DI17$DEFAULTVIEW(1.0),04/10/24 23:00:00,Annual,Euro,Mean equivalised net income,Cities,Total,Total,Norway,2021,40707,b,
ESTAT:ILC_DI17$DEFAULTVIEW(1.0),04/10/24 23:00:00,Annual,Euro,Mean equivalised net income,Cities,Total,Total,Norway,2022,47011,,
ESTAT:ILC_DI17$DEFAULTVIEW(1.0),04/10/24 23:00:00,Annual,Euro,Mean equivalised net income,Cities,Total,Total,Norway,2023,47459,b,
ESTAT:ILC_DI17$DEFAULTVIEW(1.0),04/10/24 23:00:00,Annual,Euro,Mean equivalised net income,Cities,Total,Total,Norway,2024,45715,,
ESTAT:ILC_DI17$DEFAULTVIEW(1.0),04/10/24 23:00:00,Annual,Euro,Mean equivalised net income,Cities,Total,Total,Norway,2025,,,
ESTAT:ILC_DI17$DEFAULTVIEW(1.0),04/10/24 23:00:00,Annual,Euro,Mean equivalised net income,Cities,Total,Total,Poland,2016,7848,,
ESTAT:ILC_DI17$DEFAULTVIEW(1.0),04/10/24 23:00:00,Annual,Euro,Mean equivalised net income,Cities,Total,Total,Poland,2017,7993,,
ESTAT:ILC_DI17$DEFAULTVIEW(1.0),04/10/24 23:00:00,Annual,Euro,Mean equivalised net income,Cities,Total,Total,Poland,2018,8459,,
ESTAT:ILC_DI17$DEFAULTVIEW(1.0),04/10/24 23:00:00,Annual,Euro,Mean equivalised net income,Cities,Total,Total,Poland,2019,9317,,
ESTAT:ILC_DI17$DEFAULTVIEW(1.0),04/10/24 23:00:00,Annual,Euro,Mean equivalised net income,Cities,Total,Total,Poland,2020,10330,,
ESTAT:ILC_DI17$DEFAULTVIEW(1.0),04/10/24 23:00:00,Annual,Euro,Mean equivalised net income,Cities,Total,Total,Poland,2021,10520,,
ESTAT:ILC_DI17$DEFAULTVIEW(1.0),04/10/24 23:00:00,Annual,Euro,Mean equivalised net income,Cities,Total,Total,Poland,2022,11426,,
ESTAT:ILC_DI17$DEFAULTVIEW(1.0),04/10/24 23:00:00,Annual,Euro,Mean equivalised net income,Cities,Total,Total,Poland,2023,12740,,
ESTAT:ILC_DI17$DEFAULTVIEW(1.0),04/10/24 23:00:00,Annual,Euro,Mean equivalised net income,Cities,Total,Total,Poland,2024,14620,,
ESTAT:ILC_DI17$DEFAULTVIEW(1.0),04/10/24 23:00:00,Annual,Euro,Mean equivalised net income,Cities,Total,Total,Poland,2025,,,
ESTAT:ILC_DI17$DEFAULTVIEW(1.0),04/10/24 23:00:00,Annual,Euro,Mean equivalised net income,Cities,Total,Total,Portugal,2016,11774,,
ESTAT:ILC_DI17$DEFAULTVIEW(1.0),04/10/24 23:00:00,Annual,Euro,Mean equivalised net income,Cities,Total,Total,Portugal,2017,12205,,
ESTAT:ILC_DI17$DEFAULTVIEW(1.0),04/10/24 23:00:00,Annual,Euro,Mean equivalised net income,Cities,Total,Total,Portugal,2018,12322,,
ESTAT:ILC_DI17$DEFAULTVIEW(1.0),04/10/24 23:00:00,Annual,Euro,Mean equivalised net income,Cities,Total,Total,Portugal,2019,12962,,
ESTAT:ILC_DI17$DEFAULTVIEW(1.0),04/10/24 23:00:00,Annual,Euro,Mean equivalised net income,Cities,Total,Total,Portugal,2020,14055,,
ESTAT:ILC_DI17$DEFAULTVIEW(1.0),04/10/24 23:00:00,Annual,Euro,Mean equivalised net income,Cities,Total,Total,Portugal,2021,14578,,
ESTAT:ILC_DI17$DEFAULTVIEW(1.0),04/10/24 23:00:00,Annual,Euro,Mean equivalised net income,Cities,Total,Total,Portugal,2022,14406,,
ESTAT:ILC_DI17$DEFAULTVIEW(1.0),04/10/24 23:00:00,Annual,Euro,Mean equivalised net income,Cities,Total,Total,Portugal,2023,15705,,
ESTAT:ILC_DI17$DEFAULTVIEW(1.0),04/10/24 23:00:00,Annual,Euro,Mean equivalised net income,Cities,Total,Total,Portugal,2024,16337,,
ESTAT:ILC_DI17$DEFAULTVIEW(1.0),04/10/24 23:00:00,Annual,Euro,Mean equivalised net income,Cities,Total,Total,Portugal,2025,,,
ESTAT:ILC_DI17$DEFAULTVIEW(1.0),04/10/24 23:00:00,Annual,Euro,Mean equivalised net income,Cities,Total,Total,Romania,2016,3659,,
ESTAT:ILC_DI17$DEFAULTVIEW(1.0),04/10/24 23:00:00,Annual,Euro,Mean equivalised net income,Cities,Total,Total,Romania,2017,4105,,
ESTAT:ILC_DI17$DEFAULTVIEW(1.0),04/10/24 23:00:00,Annual,Euro,Mean equivalised net income,Cities,Total,Total,Romania,2018,5301,,
ESTAT:ILC_DI17$DEFAULTVIEW(1.0),04/10/24 23:00:00,Annual,Euro,Mean equivalised net income,Cities,Total,Total,Romania,2019,6196,,
ESTAT:ILC_DI17$DEFAULTVIEW(1.0),04/10/24 23:00:00,Annual,Euro,Mean equivalised net income,Cities,Total,Total,Romania,2020,6507,,
ESTAT:ILC_DI17$DEFAULTVIEW(1.0),04/10/24 23:00:00,Annual,Euro,Mean equivalised net income,Cities,Total,Total,Romania,2021,7523,,
ESTAT:ILC_DI17$DEFAULTVIEW(1.0),04/10/24 23:00:00,Annual,Euro,Mean equivalised net income,Cities,Total,Total,Romania,2022,8096,,
ESTAT:ILC_DI17$DEFAULTVIEW(1.0),04/10/24 23:00:00,Annual,Euro,Mean equivalised net income,Cities,Total,Total,Romania,2023,9263,,
ESTAT:ILC_DI17$DEFAULTVIEW(1.0),04/10/24 23:00:00,Annual,Euro,Mean equivalised net income,Cities,Total,Total,Romania,2024,10604,,
ESTAT:ILC_DI17$DEFAULTVIEW(1.0),04/10/24 23:00:00,Annual,Euro,Mean equivalised net income,Cities,Total,Total,Romania,2025,,,
ESTAT:ILC_DI17$DEFAULTVIEW(1.0),04/10/24 23:00:00,Annual,Euro,Mean equivalised net income,Cities,Total,Total,Serbia,2016,3437,,
ESTAT:ILC_DI17$DEFAULTVIEW(1.0),04/10/24 23:00:00,Annual,Euro,Mean equivalised net income,Cities,Total,Total,Serbia,2017,3456,,
ESTAT:ILC_DI17$DEFAULTVIEW(1.0),04/10/24 23:00:00,Annual,Euro,Mean equivalised net income,Cities,Total,Total,Serbia,2018,3602,,
ESTAT:ILC_DI17$DEFAULTVIEW(1.0),04/10/24 23:00:00,Annual,Euro,Mean equivalised net income,Cities,Total,Total,Serbia,2019,4336,,
ESTAT:ILC_DI17$DEFAULTVIEW(1.0),04/10/24 23:00:00,Annual,Euro,Mean equivalised net income,Cities,Total,Total,Serbia,2020,5022,,
ESTAT:ILC_DI17$DEFAULTVIEW(1.0),04/10/24 23:00:00,Annual,Euro,Mean equivalised net income,Cities,Total,Total,Serbia,2021,5578,,
ESTAT:ILC_DI17$DEFAULTVIEW(1.0),04/10/24 23:00:00,Annual,Euro,Mean equivalised net income,Cities,Total,Total,Serbia,2022,5932,,
ESTAT:ILC_DI17$DEFAULTVIEW(1.0),04/10/24 23:00:00,Annual,Euro,Mean equivalised net income,Cities,Total,Total,Serbia,2023,6544,,
ESTAT:ILC_DI17$DEFAULTVIEW(1.0),04/10/24 23:00:00,Annual,Euro,Mean equivalised net income,Cities,Total,Total,Serbia,2024,8415,,
ESTAT:ILC_DI17$DEFAULTVIEW(1.0),04/10/24 23:00:00,Annual,Euro,Mean equivalised net income,Cities,Total,Total,Serbia,2025,,,
ESTAT:ILC_DI17$DEFAULTVIEW(1.0),04/10/24 23:00:00,Annual,Euro,Mean equivalised net income,Cities,Total,Total,Sweden,2016,29130,,
ESTAT:ILC_DI17$DEFAULTVIEW(1.0),04/10/24 23:00:00,Annual,Euro,Mean equivalised net income,Cities,Total,Total,Sweden,2017,30635,,
ESTAT:ILC_DI17$DEFAULTVIEW(1.0),04/10/24 23:00:00,Annual,Euro,Mean equivalised net income,Cities,Total,Total,Sweden,2018,29551,,
ESTAT:ILC_DI17$DEFAULTVIEW(1.0),04/10/24 23:00:00,Annual,Euro,Mean equivalised net income,Cities,Total,Total,Sweden,2019,27419,,
ESTAT:ILC_DI17$DEFAULTVIEW(1.0),04/10/24 23:00:00,Annual,Euro,Mean equivalised net income,Cities,Total,Total,Sweden,2020,28078,,
ESTAT:ILC_DI17$DEFAULTVIEW(1.0),04/10/24 23:00:00,Annual,Euro,Mean equivalised net income,Cities,Total,Total,Sweden,2021,29265,,
ESTAT:ILC_DI17$DEFAULTVIEW(1.0),04/10/24 23:00:00,Annual,Euro,Mean equivalised net income,Cities,Total,Total,Sweden,2022,30594,,
ESTAT:ILC_DI17$DEFAULTVIEW(1.0),04/10/24 23:00:00,Annual,Euro,Mean equivalised net income,Cities,Total,Total,Sweden,2023,31849,,
ESTAT:ILC_DI17$DEFAULTVIEW(1.0),04/10/24 23:00:00,Annual,Euro,Mean equivalised net income,Cities,Total,Total,Sweden,2024,31166,,
ESTAT:ILC_DI17$DEFAULTVIEW(1.0),04/10/24 23:00:00,Annual,Euro,Mean equivalised net income,Cities,Total,Total,Sweden,2025,,,
ESTAT:ILC_DI17$DEFAULTVIEW(1.0),04/10/24 23:00:00,Annual,Euro,Mean equivalised net income,Cities,Total,Total,Slovenia,2016,14399,,
ESTAT:ILC_DI17$DEFAULTVIEW(1.0),04/10/24 23:00:00,Annual,Euro,Mean equivalised net income,Cities,Total,Total,Slovenia,2017,14356,,
ESTAT:ILC_DI17$DEFAULTVIEW(1.0),04/10/24 23:00:00,Annual,Euro,Mean equivalised net income,Cities,Total,Total,Slovenia,2018,14987,,
ESTAT:ILC_DI17$DEFAULTVIEW(1.0),04/10/24 23:00:00,Annual,Euro,Mean equivalised net income,Cities,Total,Total,Slovenia,2019,16048,,
ESTAT:ILC_DI17$DEFAULTVIEW(1.0),04/10/24 23:00:00,Annual,Euro,Mean equivalised net income,Cities,Total,Total,Slovenia,2020,16428,,
ESTAT:ILC_DI17$DEFAULTVIEW(1.0),04/10/24 23:00:00,Annual,Euro,Mean equivalised net income,Cities,Total,Total,Slovenia,2021,17499,,
ESTAT:ILC_DI17$DEFAULTVIEW(1.0),04/10/24 23:00:00,Annual,Euro,Mean equivalised net income,Cities,Total,Total,Slovenia,2022,18291,,
ESTAT:ILC_DI17$DEFAULTVIEW(1.0),04/10/24 23:00:00,Annual,Euro,Mean equivalised net income,Cities,Total,Total,Slovenia,2023,20487,,
ESTAT:ILC_DI17$DEFAULTVIEW(1.0),04/10/24 23:00:00,Annual,Euro,Mean equivalised net income,Cities,Total,Total,Slovenia,2024,22428,,
ESTAT:ILC_DI17$DEFAULTVIEW(1.0),04/10/24 23:00:00,Annual,Euro,Mean equivalised net income,Cities,Total,Total,Slovenia,2025,,,
ESTAT:ILC_DI17$DEFAULTVIEW(1.0),04/10/24 23:00:00,Annual,Euro,Mean equivalised net income,Cities,Total,Total,Slovakia,2016,8691,,
ESTAT:ILC_DI17$DEFAULTVIEW(1.0),04/10/24 23:00:00,Annual,Euro,Mean equivalised net income,Cities,Total,Total,Slovakia,2017,8793,,
ESTAT:ILC_DI17$DEFAULTVIEW(1.0),04/10/24 23:00:00,Annual,Euro,Mean equivalised net income,Cities,Total,Total,Slovakia,2018,8920,,
ESTAT:ILC_DI17$DEFAULTVIEW(1.0),04/10/24 23:00:00,Annual,Euro,Mean equivalised net income,Cities,Total,Total,Slovakia,2019,9869,,
ESTAT:ILC_DI17$DEFAULTVIEW(1.0),04/10/24 23:00:00,Annual,Euro,Mean equivalised net income,Cities,Total,Total,Slovakia,2020,10062,,
ESTAT:ILC_DI17$DEFAULTVIEW(1.0),04/10/24 23:00:00,Annual,Euro,Mean equivalised net income,Cities,Total,Total,Slovakia,2021,9748,,
ESTAT:ILC_DI17$DEFAULTVIEW(1.0),04/10/24 23:00:00,Annual,Euro,Mean equivalised net income,Cities,Total,Total,Slovakia,2022,10215,,
ESTAT:ILC_DI17$DEFAULTVIEW(1.0),04/10/24 23:00:00,Annual,Euro,Mean equivalised net income,Cities,Total,Total,Slovakia,2023,9871,,
ESTAT:ILC_DI17$DEFAULTVIEW(1.0),04/10/24 23:00:00,Annual,Euro,Mean equivalised net income,Cities,Total,Total,Slovakia,2024,11420,,
ESTAT:ILC_DI17$DEFAULTVIEW(1.0),04/10/24 23:00:00,Annual,Euro,Mean equivalised net income,Cities,Total,Total,Slovakia,2025,,,
ESTAT:ILC_DI17$DEFAULTVIEW(1.0),04/10/24 23:00:00,Annual,Euro,Mean equivalised net income,Cities,Total,Total,United Kingdom,2016,24158,,
ESTAT:ILC_DI17$DEFAULTVIEW(1.0),04/10/24 23:00:00,Annual,Euro,Mean equivalised net income,Cities,Total,Total,United Kingdom,2017,25087,b,
ESTAT:ILC_DI17$DEFAULTVIEW(1.0),04/10/24 23:00:00,Annual,Euro,Mean equivalised net income,Cities,Total,Total,United Kingdom,2018,25604,,
ESTAT:ILC_DI17$DEFAULTVIEW(1.0),04/10/24 23:00:00,Annual,Euro,Mean equivalised net income,Cities,Total,Total,United Kingdom,2019,,,
ESTAT:ILC_DI17$DEFAULTVIEW(1.0),04/10/24 23:00:00,Annual,Euro,Mean equivalised net income,Cities,Total,Total,United Kingdom,2020,,,
ESTAT:ILC_DI17$DEFAULTVIEW(1.0),04/10/24 23:00:00,Annual,Euro,Mean equivalised net income,Cities,Total,Total,United Kingdom,2021,,,
ESTAT:ILC_DI17$DEFAULTVIEW(1.0),04/10/24 23:00:00,Annual,Euro,Mean equivalised net income,Cities,Total,Total,United Kingdom,2022,,,
ESTAT:ILC_DI17$DEFAULTVIEW(1.0),04/10/24 23:00:00,Annual,Euro,Mean equivalised net income,Cities,Total,Total,United Kingdom,2023,,,
ESTAT:ILC_DI17$DEFAULTVIEW(1.0),04/10/24 23:00:00,Annual,Euro,Mean equivalised net income,Cities,Total,Total,United Kingdom,2024,,,
ESTAT:ILC_DI17$DEFAULTVIEW(1.0),04/10/24 23:00:00,Annual,Euro,Mean equivalised net income,Cities,Total,Total,United Kingdom,2025,,,
